2026-05-10 15:58:02.625230,Neutral,80.28%
2026-05-10 15:58:02.868806,Neutral,69.64%
2026-05-10 15:58:03.106478,Neutral,69.53%
2026-05-10 15:58:03.316117,Neutral,67.68%
2026-05-10 15:58:03.523975,Neutral,68.59%
2026-05-10 15:58:03.836220,Neutral,66.63%
2026-05-10 15:58:04.099203,Neutral,69.01%
2026-05-10 15:58:04.435261,Neutral,68.86%
2026-05-10 15:58:04.681041,Neutral,70.24%
2026-05-10 15:58:04.922324,Neutral,70.27%
2026-05-10 15:58:05.285040,Neutral,71.67%
2026-05-10 15:58:05.569567,Neutral,69.53%
2026-05-10 15:58:06.411893,Neutral,72.57%
2026-05-10 15:58:06.658625,Neutral,72.87%
2026-05-10 15:58:06.920046,Neutral,76.35%
2026-05-10 15:58:07.310833,Neutral,77.18%
2026-05-10 15:58:07.560887,Neutral,77.45%
2026-05-10 15:58:07.849070,Neutral,78.05%
2026-05-10 15:58:08.083727,Neutral,71.46%
2026-05-10 15:58:08.388420,Neutral,74.82%
2026-05-10 15:58:08.613819,Neutral,77.70%
2026-05-10 15:58:08.810744,Neutral,72.31%
2026-05-10 15:58:09.014732,Neutral,77.41%
2026-05-10 15:58:09.233732,Neutral,77.29%
2026-05-10 15:58:09.516412,Neutral,73.63%
2026-05-10 15:58:10.418678,Neutral,71.67%
2026-05-10 15:58:10.853979,Neutral,80.95%
2026-05-10 15:58:11.133748,Neutral,80.15%
2026-05-10 15:58:11.351455,Neutral,81.53%
2026-05-10 15:58:11.581534,Neutral,78.94%
2026-05-10 15:58:11.806940,Neutral,80.33%
2026-05-10 15:58:12.029573,Neutral,77.45%
2026-05-10 15:58:12.280110,Neutral,76.55%
2026-05-10 15:58:12.565616,Neutral,69.36%
2026-05-10 15:58:12.824584,Neutral,75.63%
2026-05-10 15:58:13.139002,Neutral,79.15%
2026-05-10 15:58:13.419733,Neutral,75.56%
2026-05-10 15:58:13.677131,Neutral,75.27%
2026-05-10 15:58:13.969474,Neutral,72.03%
2026-05-10 15:58:14.252750,Neutral,72.35%
2026-05-10 15:58:14.522843,Neutral,73.98%
2026-05-10 15:58:14.729408,Neutral,74.08%
2026-05-10 15:58:14.973745,Neutral,73.08%
2026-05-10 15:58:15.236463,Neutral,75.35%
2026-05-10 15:58:15.475665,Neutral,71.83%
2026-05-10 15:58:15.794247,Neutral,73.57%
2026-05-10 15:58:16.067717,Neutral,72.02%
2026-05-10 15:58:16.329696,Neutral,73.15%
2026-05-10 15:58:16.641866,Neutral,68.49%
2026-05-10 15:58:16.943492,Neutral,69.07%
2026-05-10 15:58:17.210666,Neutral,69.37%
2026-05-10 15:58:17.436686,Neutral,64.36%
2026-05-10 15:58:17.718361,Neutral,58.39%
2026-05-10 15:58:17.990376,Neutral,57.23%
2026-05-10 15:58:18.268675,Neutral,52.75%
2026-05-10 15:58:18.517551,Neutral,55.06%
2026-05-10 15:58:18.756673,Neutral,60.38%
2026-05-10 15:58:18.966025,Neutral,49.51%
2026-05-10 15:58:19.214516,Neutral,53.12%
2026-05-10 15:58:19.421325,Neutral,50.47%
2026-05-10 15:58:19.728312,Neutral,49.72%
2026-05-10 15:58:19.940185,Neutral,49.63%
2026-05-10 15:58:20.161665,Neutral,68.12%
2026-05-10 15:58:20.406974,Neutral,59.96%
2026-05-10 15:58:20.620467,Neutral,46.09%
2026-05-10 15:58:20.857553,Neutral,53.96%
2026-05-10 15:58:21.129503,Neutral,57.59%
2026-05-10 15:58:21.396591,Neutral,69.74%
2026-05-10 15:58:21.641123,Neutral,70.30%
2026-05-10 15:58:21.909727,Neutral,69.08%
2026-05-10 15:58:22.270088,Neutral,69.89%
2026-05-10 15:58:22.630078,Neutral,69.94%
2026-05-10 15:58:22.841965,Neutral,66.78%
2026-05-10 15:58:23.056025,Neutral,71.28%
2026-05-10 15:58:23.300551,Neutral,73.32%
2026-05-10 15:58:23.590157,Sad,39.78%
2026-05-10 15:58:23.813655,Neutral,44.08%
2026-05-10 15:58:24.063598,Neutral,71.43%
2026-05-10 15:58:24.264522,Neutral,72.20%
2026-05-10 15:58:24.532583,Neutral,82.31%
2026-05-10 15:58:24.778662,Neutral,77.33%
2026-05-10 15:58:25.041904,Neutral,76.93%
2026-05-10 15:58:25.275928,Neutral,77.58%
2026-05-10 15:58:25.539137,Neutral,78.96%
2026-05-10 15:58:25.759567,Happy,94.99%
2026-05-10 15:58:25.954849,Happy,96.06%
2026-05-10 15:58:26.308262,Happy,95.50%
2026-05-10 15:58:26.625048,Happy,97.03%
2026-05-10 15:58:26.887178,Happy,96.16%
2026-05-10 15:58:27.078325,Happy,97.12%
2026-05-10 15:58:27.353477,Happy,93.16%
2026-05-10 15:58:27.568336,Happy,96.65%
2026-05-10 15:58:27.753883,Happy,96.41%
2026-05-10 15:58:28.007371,Happy,96.86%
2026-05-10 15:58:28.318136,Happy,97.21%
2026-05-10 15:58:28.531668,Happy,95.62%
2026-05-10 15:58:29.231701,Happy,95.30%
2026-05-10 15:58:29.534069,Happy,96.95%
2026-05-10 15:58:29.777279,Happy,96.63%
2026-05-10 15:58:29.979917,Happy,95.83%
2026-05-10 15:58:30.214269,Happy,96.48%
2026-05-10 15:58:30.438997,Happy,96.78%
2026-05-10 15:58:30.653425,Happy,97.56%
2026-05-10 15:58:30.913397,Happy,96.51%
2026-05-10 15:58:31.165113,Happy,92.56%
2026-05-10 15:58:31.420882,Happy,80.43%
2026-05-10 15:58:31.635889,Happy,46.38%
2026-05-10 15:58:31.853472,Neutral,51.03%
2026-05-10 15:58:32.057981,Neutral,59.52%
2026-05-10 15:58:32.280784,Neutral,68.35%
2026-05-10 15:58:32.564887,Neutral,71.80%
2026-05-10 15:58:32.832526,Neutral,58.21%
2026-05-10 15:58:33.062969,Neutral,55.19%
2026-05-10 15:58:33.320121,Neutral,63.30%
2026-05-10 15:58:33.552666,Neutral,67.99%
2026-05-10 15:58:33.754303,Neutral,53.15%
2026-05-10 15:58:34.026750,Neutral,51.17%
2026-05-10 15:58:34.238841,Neutral,51.01%
2026-05-10 15:58:34.500881,Neutral,48.61%
2026-05-10 15:58:34.770601,Neutral,38.18%
2026-05-10 15:58:35.016644,Happy,85.19%
2026-05-10 15:58:35.331331,Happy,84.15%
2026-05-10 15:58:35.591923,Happy,87.40%
2026-05-10 15:58:35.805900,Happy,83.20%
2026-05-10 15:58:36.072173,Happy,85.13%
2026-05-10 15:58:36.364752,Happy,82.67%
2026-05-10 15:58:36.587398,Happy,79.67%
2026-05-10 15:58:36.807982,Happy,83.17%
2026-05-10 15:58:37.088937,Happy,73.90%
2026-05-10 15:58:37.314403,Happy,69.99%
2026-05-10 15:58:37.507428,Happy,64.77%
2026-05-10 15:58:37.689455,Happy,62.09%
2026-05-10 15:58:37.936002,Happy,80.50%
2026-05-10 15:58:38.183131,Neutral,43.33%
2026-05-10 15:58:38.455959,Happy,52.03%
2026-05-10 15:58:38.759916,Happy,33.74%
2026-05-10 15:58:39.062335,Happy,46.15%
2026-05-10 15:58:39.295673,Neutral,45.71%
2026-05-10 15:58:39.497814,Neutral,39.35%
2026-05-10 15:58:39.738270,Neutral,37.25%
2026-05-10 15:58:39.955477,Neutral,53.77%
2026-05-10 15:58:40.196575,Neutral,41.75%
2026-05-10 15:58:40.405875,Neutral,52.58%
2026-05-10 15:58:40.640718,Neutral,64.84%
2026-05-10 15:58:40.852708,Neutral,36.64%
2026-05-10 15:58:41.100296,Neutral,60.70%
2026-05-10 15:58:41.361776,Neutral,66.52%
2026-05-10 15:58:41.592681,Neutral,65.70%
2026-05-10 15:58:41.832922,Neutral,62.09%
2026-05-10 15:58:42.048037,Neutral,68.38%
2026-05-10 15:58:42.748585,Neutral,65.02%
2026-05-10 15:58:42.937650,Neutral,62.88%
2026-05-10 15:58:43.123363,Neutral,66.62%
2026-05-10 15:58:43.397553,Neutral,63.17%
2026-05-10 15:58:43.612022,Neutral,64.70%
2026-05-10 15:58:43.836633,Neutral,54.99%
2026-05-10 15:58:44.041589,Neutral,66.66%
2026-05-10 15:58:44.235975,Neutral,63.10%
2026-05-10 15:58:44.447647,Neutral,61.10%
2026-05-10 15:58:44.689959,Neutral,60.68%
2026-05-10 15:58:44.895596,Neutral,65.82%
2026-05-10 15:58:45.127369,Neutral,61.45%
2026-05-10 15:58:45.378994,Neutral,67.53%
2026-05-10 15:58:45.632102,Neutral,62.77%
2026-05-10 15:58:45.892485,Neutral,58.93%
2026-05-10 15:58:46.090381,Neutral,65.30%
2026-05-10 15:58:46.283251,Neutral,65.29%
2026-05-10 15:58:46.478409,Neutral,55.74%
2026-05-10 15:58:46.673380,Neutral,61.02%
2026-05-10 15:58:46.918111,Neutral,47.23%
2026-05-10 15:58:47.136285,Sad,38.06%
2026-05-10 15:58:47.835733,Neutral,39.19%
2026-05-10 15:58:48.069018,Sad,32.53%
2026-05-10 15:58:48.340950,Sad,34.14%
2026-05-10 15:58:48.609101,Happy,33.02%
2026-05-10 15:58:48.794184,Neutral,43.80%
2026-05-10 15:58:49.087554,Sad,39.34%
2026-05-10 15:58:49.272998,Sad,52.12%
2026-05-10 15:58:49.650274,Sad,43.22%
2026-05-10 15:58:49.854308,Sad,49.67%
2026-05-10 15:58:50.089042,Sad,38.41%
2026-05-10 15:58:50.295805,Neutral,48.68%
2026-05-10 15:58:50.531785,Neutral,38.16%
2026-05-10 15:58:50.734837,Neutral,54.12%
2026-05-10 15:58:51.005931,Neutral,63.68%
2026-05-10 15:58:51.301194,Neutral,66.89%
2026-05-10 15:58:51.520925,Neutral,60.72%
2026-05-10 15:58:51.717036,Neutral,62.73%
2026-05-10 15:58:51.912246,Neutral,44.70%
2026-05-10 15:58:52.130966,Neutral,52.90%
2026-05-10 15:58:52.349992,Neutral,63.85%
2026-05-10 15:58:52.620975,Neutral,55.90%
2026-05-10 15:58:52.813504,Neutral,50.71%
2026-05-10 15:58:53.033256,Neutral,54.65%
2026-05-10 15:58:53.230691,Neutral,57.80%
2026-05-10 15:58:53.937152,Neutral,43.27%
2026-05-10 15:58:54.169107,Sad,30.54%
2026-05-10 15:58:54.374829,Sad,29.76%
2026-05-10 15:58:54.729999,Angry,35.82%
2026-05-10 15:58:54.949393,Happy,35.50%
2026-05-10 15:58:55.210048,Sad,39.17%
2026-05-10 15:58:55.414619,Sad,38.31%
2026-05-10 15:58:55.619170,Neutral,36.08%
2026-05-10 15:58:55.853551,Sad,36.59%
2026-05-10 15:58:56.061150,Sad,30.31%
2026-05-10 15:58:56.339941,Sad,38.51%
2026-05-10 15:58:56.836365,Neutral,41.68%
2026-05-10 15:58:57.142733,Sad,39.72%
2026-05-10 15:58:57.352854,Sad,40.48%
2026-05-10 15:58:57.547596,Neutral,43.87%
2026-05-10 15:58:57.796531,Sad,40.49%
2026-05-10 15:58:58.002133,Neutral,45.82%
2026-05-10 15:58:58.256621,Neutral,38.76%
2026-05-10 15:58:58.510753,Neutral,43.85%
2026-05-10 15:58:58.749789,Neutral,49.15%
2026-05-10 15:58:58.975310,Neutral,56.79%
2026-05-10 15:58:59.233209,Neutral,57.07%
2026-05-10 15:58:59.428900,Neutral,64.99%
2026-05-10 15:58:59.661081,Neutral,60.66%
2026-05-10 15:58:59.910173,Neutral,68.99%
2026-05-10 15:59:00.185833,Neutral,65.87%
2026-05-10 15:59:00.409094,Neutral,61.65%
2026-05-10 15:59:00.630364,Neutral,67.22%
2026-05-10 15:59:00.824727,Neutral,68.68%
2026-05-10 15:59:01.103183,Neutral,64.72%
2026-05-10 15:59:01.307663,Neutral,62.23%
2026-05-10 15:59:01.519918,Neutral,73.19%
2026-05-10 15:59:01.787831,Neutral,67.11%
2026-05-10 15:59:02.059196,Neutral,72.06%
2026-05-10 15:59:02.302640,Neutral,61.18%
2026-05-10 15:59:02.631290,Neutral,73.78%
2026-05-10 15:59:02.871042,Neutral,82.86%
2026-05-10 15:59:03.086184,Neutral,83.62%
2026-05-10 15:59:03.344927,Neutral,83.80%
2026-05-10 15:59:03.588628,Neutral,84.33%
2026-05-10 15:59:03.905931,Neutral,83.58%
2026-05-10 15:59:04.153544,Neutral,83.47%
2026-05-10 15:59:04.375176,Neutral,81.38%
2026-05-10 15:59:04.584575,Neutral,82.66%
2026-05-10 15:59:04.828148,Neutral,83.84%
2026-05-10 15:59:05.043038,Neutral,80.87%
2026-05-10 15:59:05.386421,Neutral,86.23%
2026-05-10 15:59:05.644769,Neutral,86.17%
2026-05-10 15:59:05.890229,Neutral,86.85%
2026-05-10 15:59:06.092990,Neutral,79.69%
2026-05-10 15:59:06.339126,Neutral,83.10%
2026-05-10 15:59:06.551979,Neutral,87.16%
2026-05-10 15:59:06.829131,Neutral,85.34%
2026-05-10 15:59:07.055795,Neutral,83.79%
2026-05-10 15:59:07.302254,Neutral,83.75%
2026-05-10 15:59:07.531864,Neutral,86.52%
2026-05-10 15:59:07.737798,Neutral,79.95%
2026-05-10 15:59:07.965213,Neutral,84.44%
2026-05-10 15:59:08.281064,Neutral,80.43%
2026-05-10 15:59:08.485987,Neutral,83.77%
2026-05-10 15:59:08.686424,Neutral,86.11%
2026-05-10 15:59:08.916740,Neutral,81.72%
2026-05-10 15:59:09.134174,Neutral,81.38%
2026-05-10 15:59:09.385473,Neutral,81.12%
2026-05-10 15:59:09.670817,Neutral,80.57%
2026-05-10 15:59:09.897981,Neutral,80.41%
2026-05-10 15:59:10.130590,Neutral,83.46%
2026-05-10 15:59:10.426158,Neutral,82.06%
2026-05-10 15:59:10.667646,Neutral,80.20%
2026-05-10 15:59:10.920880,Neutral,76.75%
2026-05-10 15:59:11.184533,Neutral,77.29%
2026-05-10 15:59:11.436370,Neutral,75.49%
2026-05-10 15:59:11.691796,Neutral,76.69%
2026-05-10 15:59:11.922082,Neutral,77.67%
2026-05-10 15:59:12.160741,Neutral,77.64%
2026-05-10 15:59:12.425099,Neutral,76.36%
2026-05-10 15:59:12.624669,Neutral,76.14%
2026-05-10 15:59:12.811596,Neutral,75.49%
2026-05-10 15:59:13.030075,Happy,57.74%
2026-05-10 15:59:13.207931,Happy,44.39%
2026-05-10 15:59:13.398468,Happy,64.77%
2026-05-10 15:59:13.611370,Neutral,54.78%
2026-05-10 15:59:13.865398,Happy,57.64%
2026-05-10 15:59:14.042301,Happy,59.62%
2026-05-10 15:59:14.216996,Neutral,68.35%
2026-05-10 15:59:14.418996,Neutral,72.69%
2026-05-10 15:59:14.612154,Neutral,49.06%
2026-05-10 15:59:14.788436,Neutral,68.43%
2026-05-10 15:59:15.349593,Neutral,58.03%
2026-05-10 15:59:15.538965,Neutral,71.53%
2026-05-10 15:59:15.737816,Neutral,51.14%
2026-05-10 15:59:15.954099,Neutral,75.15%
2026-05-10 15:59:16.142871,Neutral,73.32%
2026-05-10 15:59:16.350477,Neutral,72.39%
2026-05-10 15:59:16.603544,Neutral,70.36%
2026-05-10 15:59:16.811219,Neutral,68.60%
2026-05-10 15:59:17.021106,Neutral,52.23%
2026-05-10 15:59:17.205027,Neutral,51.57%
2026-05-10 15:59:17.393397,Happy,55.72%
2026-05-10 15:59:17.619637,Neutral,45.58%
2026-05-10 15:59:17.902000,Neutral,64.84%
2026-05-10 15:59:18.150876,Neutral,74.85%
2026-05-10 15:59:18.353329,Neutral,75.34%
2026-05-10 15:59:18.558800,Neutral,53.79%
2026-05-10 15:59:18.766118,Neutral,73.42%
2026-05-10 15:59:18.969370,Neutral,79.34%
2026-05-10 15:59:19.222806,Neutral,49.85%
2026-05-10 15:59:19.458963,Neutral,75.59%
2026-05-10 15:59:19.642061,Neutral,80.07%
2026-05-10 15:59:19.870927,Neutral,75.83%
2026-05-10 15:59:20.087766,Neutral,80.73%
2026-05-10 15:59:20.299988,Neutral,78.40%
2026-05-10 15:59:20.550121,Neutral,77.85%
2026-05-10 15:59:20.842100,Neutral,71.98%
2026-05-10 15:59:21.052564,Neutral,72.87%
2026-05-10 15:59:21.237674,Neutral,78.00%
2026-05-10 15:59:21.482464,Neutral,73.66%
2026-05-10 15:59:21.703648,Neutral,77.32%
2026-05-10 15:59:21.988349,Neutral,57.94%
2026-05-10 15:59:22.305375,Happy,76.78%
2026-05-10 15:59:22.511244,Happy,89.90%
2026-05-10 15:59:22.705861,Happy,81.46%
2026-05-10 15:59:22.894937,Happy,85.22%
2026-05-10 15:59:23.090279,Happy,77.74%
2026-05-10 15:59:23.309598,Happy,50.20%
2026-05-10 15:59:23.570352,Neutral,44.95%
2026-05-10 15:59:23.782723,Neutral,67.00%
2026-05-10 15:59:24.005024,Neutral,53.25%
2026-05-10 15:59:24.227051,Neutral,58.02%
2026-05-10 15:59:24.445257,Neutral,42.50%
2026-05-10 15:59:24.712412,Neutral,67.69%
2026-05-10 15:59:24.968908,Neutral,61.13%
2026-05-10 15:59:25.202818,Neutral,54.28%
2026-05-10 15:59:25.432047,Neutral,67.73%
2026-05-10 15:59:25.650782,Neutral,75.36%
2026-05-10 15:59:25.842851,Neutral,78.04%
2026-05-10 15:59:26.066551,Neutral,72.47%
2026-05-10 15:59:26.293190,Neutral,54.35%
2026-05-10 15:59:26.500526,Sad,36.34%
2026-05-10 15:59:26.722134,Neutral,40.38%
2026-05-10 15:59:26.935213,Neutral,39.62%
2026-05-10 15:59:27.188455,Neutral,32.64%
2026-05-10 15:59:27.377503,Sad,36.17%
2026-05-10 15:59:27.603819,Neutral,46.07%
2026-05-10 15:59:27.841111,Happy,31.20%
2026-05-10 15:59:28.045355,Sad,37.41%
2026-05-10 15:59:28.285497,Neutral,40.75%
2026-05-10 15:59:28.496319,Happy,33.38%
2026-05-10 15:59:28.746080,Sad,32.19%
2026-05-10 15:59:29.001400,Neutral,37.33%
2026-05-10 15:59:29.236827,Happy,46.42%
2026-05-10 15:59:29.482612,Happy,42.05%
2026-05-10 15:59:29.696665,Angry,31.36%
2026-05-10 15:59:29.899759,Sad,31.87%
2026-05-10 15:59:30.131204,Happy,31.93%
2026-05-10 15:59:30.361786,Sad,30.86%
2026-05-10 15:59:30.601071,Neutral,34.88%
2026-05-10 15:59:30.805150,Sad,34.15%
2026-05-10 15:59:30.990872,Sad,31.71%
2026-05-10 15:59:31.228687,Neutral,35.81%
2026-05-10 15:59:31.454435,Sad,34.76%
2026-05-10 15:59:31.686611,Neutral,41.52%
2026-05-10 15:59:31.934488,Sad,37.60%
2026-05-10 15:59:32.137189,Sad,37.61%
2026-05-10 15:59:32.394765,Neutral,46.80%
2026-05-10 15:59:32.573315,Neutral,39.53%
2026-05-10 15:59:32.779003,Neutral,48.45%
2026-05-10 15:59:33.004214,Neutral,48.20%
2026-05-10 15:59:33.489734,Neutral,53.90%
2026-05-10 15:59:33.717086,Neutral,54.77%
2026-05-10 15:59:33.947116,Neutral,50.51%
2026-05-10 15:59:34.196839,Neutral,56.63%
2026-05-10 15:59:34.416458,Neutral,51.81%
2026-05-10 15:59:34.689248,Neutral,53.70%
2026-05-10 15:59:34.936619,Neutral,59.88%
2026-05-10 15:59:35.112691,Neutral,51.81%
2026-05-10 15:59:35.360080,Neutral,52.20%
2026-05-10 15:59:35.562625,Neutral,51.12%
2026-05-10 15:59:35.779407,Neutral,48.40%
2026-05-10 15:59:36.045549,Neutral,60.50%
2026-05-10 15:59:36.298788,Neutral,46.06%
2026-05-10 15:59:36.493688,Neutral,51.95%
2026-05-10 15:59:36.734306,Neutral,46.66%
2026-05-10 15:59:36.947866,Neutral,55.34%
2026-05-10 15:59:37.143782,Happy,67.99%
2026-05-10 15:59:37.375533,Happy,72.48%
2026-05-10 15:59:37.661556,Happy,83.72%
2026-05-10 15:59:37.891643,Happy,90.08%
2026-05-10 15:59:38.090400,Happy,90.87%
2026-05-10 15:59:38.279218,Happy,82.86%
2026-05-10 15:59:38.523931,Happy,85.30%
2026-05-10 15:59:38.725123,Happy,73.94%
2026-05-10 15:59:39.111439,Happy,66.75%
2026-05-10 15:59:39.345025,Happy,82.86%
2026-05-10 15:59:39.559805,Happy,81.50%
2026-05-10 15:59:39.767172,Happy,83.07%
2026-05-10 15:59:39.957788,Happy,74.84%
2026-05-10 15:59:40.913340,Happy,74.86%
2026-05-10 15:59:41.149084,Happy,84.33%
2026-05-10 15:59:41.334844,Happy,45.25%
2026-05-10 15:59:41.554887,Happy,70.73%
2026-05-10 15:59:41.790699,Happy,38.75%
2026-05-10 15:59:42.009700,Happy,54.07%
2026-05-10 15:59:42.246733,Happy,53.05%
2026-05-10 15:59:42.454280,Happy,57.33%
2026-05-10 15:59:42.661216,Happy,35.05%
2026-05-10 15:59:42.871780,Neutral,55.26%
2026-05-10 15:59:43.137207,Happy,56.37%
2026-05-10 15:59:43.367715,Happy,53.92%
2026-05-10 15:59:43.590224,Neutral,65.03%
2026-05-10 15:59:43.810748,Neutral,34.99%
2026-05-10 15:59:44.068883,Angry,46.71%
2026-05-10 15:59:44.275255,Angry,56.05%
2026-05-10 15:59:44.543131,Angry,55.96%
2026-05-10 15:59:44.769291,Angry,67.17%
2026-05-10 15:59:44.977063,Neutral,35.31%
2026-05-10 15:59:45.224239,Angry,37.05%
2026-05-10 15:59:45.447107,Angry,35.36%
2026-05-10 15:59:45.674372,Neutral,37.02%
2026-05-10 15:59:45.931924,Neutral,39.22%
2026-05-10 15:59:46.155517,Neutral,41.96%
2026-05-10 15:59:46.367209,Neutral,37.48%
2026-05-10 15:59:46.582714,Neutral,41.96%
2026-05-10 15:59:46.827311,Neutral,40.39%
2026-05-10 15:59:47.030657,Neutral,48.63%
2026-05-10 15:59:47.300974,Neutral,37.52%
2026-05-10 15:59:47.527455,Neutral,46.77%
2026-05-10 15:59:47.737280,Neutral,42.76%
2026-05-10 15:59:47.953971,Neutral,40.71%
2026-05-10 15:59:48.156485,Neutral,34.65%
2026-05-10 15:59:48.362182,Neutral,41.45%
2026-05-10 15:59:48.616377,Neutral,37.75%
2026-05-10 15:59:49.192143,Neutral,43.16%
2026-05-10 15:59:49.402240,Neutral,35.60%
2026-05-10 15:59:49.603645,Neutral,39.03%
2026-05-10 15:59:49.820947,Neutral,37.80%
2026-05-10 15:59:50.063341,Neutral,48.56%
2026-05-10 15:59:50.294079,Neutral,38.19%
2026-05-10 15:59:50.494205,Neutral,40.18%
2026-05-10 15:59:50.737907,Neutral,38.97%
2026-05-10 15:59:50.968647,Angry,34.88%
2026-05-10 15:59:51.249191,Neutral,39.66%
2026-05-10 15:59:51.735654,Neutral,39.78%
2026-05-10 15:59:51.955048,Neutral,35.66%
2026-05-10 15:59:52.178104,Angry,38.32%
2026-05-10 15:59:52.403500,Angry,35.33%
2026-05-10 15:59:52.608232,Angry,36.75%
2026-05-10 15:59:52.866473,Neutral,35.68%
2026-05-10 15:59:53.110003,Angry,43.02%
2026-05-10 15:59:53.336778,Angry,43.40%
2026-05-10 15:59:53.526921,Angry,33.91%
2026-05-10 15:59:53.738523,Angry,38.42%
2026-05-10 15:59:53.978547,Neutral,33.02%
2026-05-10 15:59:54.216326,Neutral,35.72%
2026-05-10 15:59:54.503072,Neutral,35.56%
2026-05-10 15:59:54.719305,Neutral,41.22%
2026-05-10 15:59:54.924001,Angry,39.79%
2026-05-10 15:59:55.128755,Neutral,40.98%
2026-05-10 15:59:55.365538,Neutral,46.33%
2026-05-10 15:59:55.595986,Neutral,54.64%
2026-05-10 15:59:55.856139,Neutral,58.91%
2026-05-10 15:59:56.075432,Neutral,45.02%
2026-05-10 15:59:56.280051,Neutral,53.79%
2026-05-10 15:59:56.512566,Neutral,47.90%
2026-05-10 15:59:56.752116,Neutral,60.18%
2026-05-10 15:59:56.982310,Neutral,69.34%
2026-05-10 15:59:57.231860,Neutral,64.09%
2026-05-10 15:59:57.433438,Neutral,72.66%
2026-05-10 15:59:57.631825,Neutral,62.23%
2026-05-10 15:59:57.848851,Neutral,60.62%
2026-05-10 15:59:58.067588,Neutral,60.31%
2026-05-10 15:59:58.323192,Neutral,63.66%
2026-05-10 15:59:58.820117,Neutral,69.57%
2026-05-10 15:59:59.133737,Neutral,63.27%
2026-05-10 15:59:59.312119,Neutral,69.60%
2026-05-10 15:59:59.506861,Neutral,52.85%
2026-05-10 15:59:59.772147,Neutral,68.78%
2026-05-10 16:00:00.033354,Neutral,49.44%
2026-05-10 16:00:00.242113,Neutral,54.81%
2026-05-10 16:00:00.470030,Neutral,49.53%
2026-05-10 16:00:00.696293,Neutral,49.30%
2026-05-10 16:00:00.931101,Neutral,55.77%
2026-05-10 16:00:01.194375,Neutral,58.29%
2026-05-10 16:00:01.431351,Neutral,53.42%
2026-05-10 16:00:01.635143,Neutral,57.23%
2026-05-10 16:00:01.877278,Neutral,58.29%
2026-05-10 16:00:02.104046,Neutral,57.69%
2026-05-10 16:00:02.305679,Neutral,62.20%
2026-05-10 16:00:02.532341,Neutral,62.06%
2026-05-10 16:00:02.753366,Neutral,59.06%
2026-05-10 16:00:02.937285,Neutral,62.59%
2026-05-10 16:00:03.156287,Neutral,58.83%
2026-05-10 16:00:03.362816,Neutral,59.43%
2026-05-10 16:00:03.597098,Neutral,60.00%
2026-05-10 16:00:03.835033,Neutral,55.77%
2026-05-10 16:00:04.084267,Neutral,59.43%
2026-05-10 16:00:04.285186,Neutral,53.09%
2026-05-10 16:00:04.498432,Neutral,56.74%
2026-05-10 16:00:04.693880,Neutral,60.42%
2026-05-10 16:00:04.897192,Neutral,61.74%
2026-05-10 16:00:05.081225,Neutral,60.93%
2026-05-10 16:00:05.333636,Neutral,59.47%
2026-05-10 16:00:05.550141,Neutral,51.72%
2026-05-10 16:00:05.764059,Neutral,53.86%
2026-05-10 16:00:05.976212,Neutral,57.95%
2026-05-10 16:00:06.214360,Neutral,66.67%
2026-05-10 16:00:06.443424,Neutral,59.70%
2026-05-10 16:00:06.688081,Neutral,59.68%
2026-05-10 16:00:06.924288,Neutral,66.31%
2026-05-10 16:00:07.110991,Neutral,60.43%
2026-05-10 16:00:07.308604,Neutral,58.97%
2026-05-10 16:00:07.531105,Neutral,65.39%
2026-05-10 16:00:07.720236,Neutral,64.51%
2026-05-10 16:00:07.938005,Neutral,56.15%
2026-05-10 16:00:08.244198,Neutral,63.81%
2026-05-10 16:00:08.443669,Neutral,62.36%
2026-05-10 16:00:08.632400,Neutral,54.98%
2026-05-10 16:00:08.858625,Neutral,55.94%
2026-05-10 16:00:09.076777,Neutral,57.08%
2026-05-10 16:00:09.287799,Neutral,53.09%
2026-05-10 16:00:09.729063,Neutral,49.58%
2026-05-10 16:00:09.973107,Neutral,54.23%
2026-05-10 16:00:10.171352,Neutral,58.63%
2026-05-10 16:00:10.385932,Neutral,61.29%
2026-05-10 16:00:10.618162,Neutral,65.12%
2026-05-10 16:00:10.853744,Neutral,68.50%
2026-05-10 16:00:11.081469,Neutral,64.21%
2026-05-10 16:00:11.282146,Neutral,63.19%
2026-05-10 16:00:11.455380,Neutral,61.48%
2026-05-10 16:00:11.768121,Neutral,60.20%
2026-05-10 16:00:12.040213,Neutral,55.66%
2026-05-10 16:00:12.309917,Neutral,56.94%
2026-05-10 16:00:12.526721,Neutral,42.52%
2026-05-10 16:00:12.727454,Happy,78.66%
2026-05-10 16:00:12.943154,Sad,36.45%
2026-05-10 16:00:13.155373,Happy,91.09%
2026-05-10 16:00:13.391551,Happy,89.23%
2026-05-10 16:00:13.585686,Neutral,53.22%
2026-05-10 16:00:13.845652,Surprise,74.40%
2026-05-10 16:00:14.022069,Surprise,83.15%
2026-05-10 16:00:14.223021,Surprise,74.87%
2026-05-10 16:00:14.422902,Surprise,37.09%
2026-05-10 16:00:14.613255,Surprise,44.19%
2026-05-10 16:00:14.822458,Neutral,59.79%
2026-05-10 16:00:15.067435,Neutral,52.98%
2026-05-10 16:00:15.283483,Neutral,53.21%
2026-05-10 16:00:15.482564,Neutral,63.22%
2026-05-10 16:00:15.735281,Neutral,58.00%
2026-05-10 16:00:15.954534,Angry,30.93%
2026-05-10 16:00:16.145332,Neutral,50.98%
2026-05-10 16:00:16.390737,Neutral,45.41%
2026-05-10 16:00:16.621999,Neutral,38.40%
2026-05-10 16:00:16.813971,Happy,35.50%
2026-05-10 16:00:17.162105,Neutral,40.12%
2026-05-10 16:00:17.602233,Neutral,66.99%
2026-05-10 16:00:17.921686,Neutral,44.18%
2026-05-10 16:00:18.126998,Neutral,42.62%
2026-05-10 16:00:18.324947,Neutral,39.27%
2026-05-10 16:00:18.500055,Neutral,38.41%
2026-05-10 16:00:18.678781,Neutral,35.81%
2026-05-10 16:00:18.864055,Neutral,44.17%
2026-05-10 16:00:19.083423,Neutral,47.03%
2026-05-10 16:00:19.340130,Neutral,43.98%
2026-05-10 16:00:19.512812,Neutral,41.60%
2026-05-10 16:00:19.716303,Neutral,45.73%
2026-05-10 16:00:19.973576,Neutral,44.51%
2026-05-10 16:00:20.154368,Neutral,38.29%
2026-05-10 16:00:20.345574,Neutral,57.40%
2026-05-10 16:00:20.554397,Neutral,55.99%
2026-05-10 16:00:20.810652,Neutral,57.31%
2026-05-10 16:00:21.090143,Neutral,60.11%
2026-05-10 16:00:21.317134,Neutral,57.01%
2026-05-10 16:00:21.522036,Neutral,61.30%
2026-05-10 16:00:21.703645,Neutral,55.34%
2026-05-10 16:00:21.931893,Neutral,54.09%
2026-05-10 16:00:22.161094,Neutral,56.39%
2026-05-10 16:00:22.465958,Neutral,45.61%
2026-05-10 16:00:22.670189,Neutral,51.62%
2026-05-10 16:00:23.024728,Neutral,56.11%
2026-05-10 16:00:23.435648,Neutral,57.77%
2026-05-10 16:00:23.750361,Neutral,59.94%
2026-05-10 16:00:23.998491,Neutral,61.21%
2026-05-10 16:00:24.238499,Neutral,54.91%
2026-05-10 16:00:24.444359,Neutral,58.51%
2026-05-10 16:00:24.612416,Neutral,62.44%
2026-05-10 16:00:24.838421,Neutral,53.05%
2026-05-10 16:00:25.054845,Neutral,53.38%
2026-05-10 16:00:25.248691,Neutral,42.41%
2026-05-10 16:00:25.447227,Neutral,63.72%
2026-05-10 16:00:25.655485,Neutral,65.51%
2026-05-10 16:00:25.870446,Neutral,72.42%
2026-05-10 16:00:26.099623,Neutral,75.72%
2026-05-10 16:00:26.326079,Neutral,67.73%
2026-05-10 16:00:26.554375,Neutral,49.40%
2026-05-10 16:00:26.771940,Surprise,52.12%
2026-05-10 16:00:27.024855,Surprise,76.91%
2026-05-10 16:00:27.228485,Surprise,43.00%
2026-05-10 16:00:27.751717,Neutral,66.88%
2026-05-10 16:00:27.986493,Neutral,62.45%
2026-05-10 16:00:28.220549,Neutral,54.78%
2026-05-10 16:00:28.435540,Neutral,46.64%
2026-05-10 16:00:28.643760,Neutral,61.90%
2026-05-10 16:00:28.833560,Neutral,47.51%
2026-05-10 16:00:29.049843,Neutral,68.12%
2026-05-10 16:00:29.296106,Neutral,48.70%
2026-05-10 16:00:29.536223,Surprise,45.60%
2026-05-10 16:00:29.732245,Neutral,58.84%
2026-05-10 16:00:29.936971,Neutral,45.81%
2026-05-10 16:00:30.156382,Neutral,44.77%
2026-05-10 16:00:30.363443,Neutral,58.42%
2026-05-10 16:00:30.601711,Neutral,50.40%
2026-05-10 16:00:30.762894,Neutral,52.78%
2026-05-10 16:00:30.963825,Neutral,57.75%
2026-05-10 16:00:31.163087,Neutral,68.27%
2026-05-10 16:00:31.359472,Neutral,75.88%
2026-05-10 16:00:31.563184,Neutral,76.57%
2026-05-10 16:00:31.787535,Neutral,70.57%
2026-05-10 16:00:32.042587,Neutral,76.96%
2026-05-10 16:00:32.215972,Neutral,74.14%
2026-05-10 16:00:32.384873,Neutral,76.64%
2026-05-10 16:00:32.576504,Neutral,50.01%
2026-05-10 16:00:32.778875,Neutral,47.30%
2026-05-10 16:00:32.976074,Neutral,83.26%
2026-05-10 16:00:33.201316,Neutral,58.61%
2026-05-10 16:00:33.440752,Neutral,70.00%
2026-05-10 16:00:33.636975,Neutral,66.02%
2026-05-10 16:00:33.828064,Neutral,71.52%
2026-05-10 16:00:33.998690,Neutral,72.26%
2026-05-10 16:00:34.167695,Neutral,76.18%
2026-05-10 16:00:34.375473,Neutral,78.24%
2026-05-10 16:00:34.602176,Neutral,59.29%
2026-05-10 16:00:34.794706,Neutral,67.70%
2026-05-10 16:00:34.993174,Neutral,66.23%
2026-05-10 16:00:35.164942,Neutral,67.61%
2026-05-10 16:00:35.388837,Neutral,67.97%
2026-05-10 16:00:35.601100,Neutral,70.56%
2026-05-10 16:00:35.821452,Neutral,69.73%
2026-05-10 16:00:36.057912,Neutral,67.06%
2026-05-10 16:00:36.268729,Neutral,73.61%
2026-05-10 16:00:36.471385,Neutral,76.78%
2026-05-10 16:00:36.679332,Neutral,71.59%
2026-05-10 16:00:36.886687,Neutral,77.08%
2026-05-10 16:00:37.081754,Neutral,73.71%
2026-05-10 16:00:37.250533,Neutral,76.29%
2026-05-10 16:00:37.430370,Neutral,76.95%
2026-05-10 16:00:37.643158,Neutral,75.48%
2026-05-10 16:00:37.799119,Neutral,73.60%
2026-05-10 16:00:37.993296,Neutral,74.84%
2026-05-10 16:00:38.232756,Neutral,72.54%
2026-05-10 16:00:38.437026,Neutral,71.60%
2026-05-10 16:00:38.630283,Neutral,71.60%
2026-05-10 16:00:38.881968,Neutral,78.83%
2026-05-10 16:00:39.070059,Neutral,77.29%
2026-05-10 16:00:39.279111,Neutral,69.53%
2026-05-10 16:00:39.493138,Neutral,70.85%
2026-05-10 16:00:39.690756,Neutral,72.20%
2026-05-10 16:00:39.901681,Neutral,72.55%
2026-05-10 16:00:40.183756,Neutral,71.87%
2026-05-10 16:00:40.405039,Neutral,70.68%
2026-05-10 16:00:40.611430,Neutral,68.08%
2026-05-10 16:00:40.794858,Neutral,73.78%
2026-05-10 16:00:40.962602,Neutral,73.52%
2026-05-10 16:00:41.161525,Neutral,77.63%
2026-05-10 16:00:41.370470,Neutral,72.54%
2026-05-10 16:00:41.607711,Neutral,75.15%
2026-05-10 16:00:41.803771,Neutral,73.86%
2026-05-10 16:00:41.983663,Neutral,80.55%
2026-05-10 16:00:42.170533,Neutral,72.14%
2026-05-10 16:00:42.417452,Neutral,77.34%
2026-05-10 16:00:42.649547,Neutral,72.81%
2026-05-10 16:00:42.860517,Neutral,74.72%
2026-05-10 16:00:43.198159,Neutral,69.96%
2026-05-10 16:00:43.384477,Neutral,70.50%
2026-05-10 16:00:43.564849,Neutral,72.52%
2026-05-10 16:00:43.779598,Neutral,76.12%
2026-05-10 16:00:43.989669,Neutral,68.26%
2026-05-10 16:00:44.187084,Neutral,73.00%
2026-05-10 16:00:44.397689,Neutral,75.76%
2026-05-10 16:00:44.603936,Neutral,73.73%
2026-05-10 16:00:44.812449,Neutral,69.79%
2026-05-10 16:00:45.012668,Neutral,65.99%
2026-05-10 16:00:45.199719,Neutral,70.56%
2026-05-10 16:00:45.508929,Neutral,69.79%
2026-05-10 16:00:45.914301,Neutral,62.40%
2026-05-10 16:00:46.108993,Neutral,74.58%
2026-05-10 16:00:46.302766,Neutral,70.56%
2026-05-10 16:00:46.506717,Neutral,78.12%
2026-05-10 16:00:46.692208,Neutral,61.45%
2026-05-10 16:00:46.869795,Neutral,47.87%
2026-05-10 16:00:47.121847,Neutral,58.78%
2026-05-10 16:00:47.340219,Neutral,68.96%
2026-05-10 16:00:47.549320,Neutral,57.08%
2026-05-10 16:00:47.755334,Angry,90.70%
2026-05-10 16:00:47.978012,Sad,30.85%
2026-05-10 16:00:48.157836,Happy,40.88%
2026-05-10 16:00:48.346124,Sad,33.98%
2026-05-10 16:00:48.561154,Happy,40.41%
2026-05-10 16:00:48.757229,Angry,58.42%
2026-05-10 16:00:48.941971,Happy,36.62%
2026-05-10 16:00:49.137017,Angry,42.22%
2026-05-10 16:00:49.321304,Happy,42.55%
2026-05-10 16:00:49.503264,Happy,39.59%
2026-05-10 16:00:49.706198,Angry,82.57%
2026-05-10 16:00:49.946996,Happy,43.77%
2026-05-10 16:00:50.152219,Happy,47.05%
2026-05-10 16:00:50.355951,Happy,42.31%
2026-05-10 16:00:50.548561,Happy,44.69%
2026-05-10 16:00:50.741345,Angry,60.49%
2026-05-10 16:00:50.950064,Angry,83.97%
2026-05-10 16:00:51.151566,Happy,41.67%
2026-05-10 16:00:51.375690,Happy,39.85%
2026-05-10 16:00:51.603225,Happy,47.12%
2026-05-10 16:00:51.795658,Happy,40.13%
2026-05-10 16:00:52.030930,Angry,88.04%
2026-05-10 16:00:52.230861,Happy,47.86%
2026-05-10 16:00:52.439330,Sad,37.49%
2026-05-10 16:00:52.678833,Angry,49.83%
2026-05-10 16:00:52.924392,Angry,40.31%
2026-05-10 16:00:53.143339,Angry,64.75%
2026-05-10 16:00:53.360236,Sad,42.36%
2026-05-10 16:00:53.571836,Angry,50.61%
2026-05-10 16:00:53.754774,Angry,83.06%
2026-05-10 16:00:53.992863,Sad,39.25%
2026-05-10 16:00:54.288619,Happy,44.52%
2026-05-10 16:00:54.497139,Happy,47.53%
2026-05-10 16:00:54.700415,Happy,47.58%
2026-05-10 16:00:54.890003,Happy,50.74%
2026-05-10 16:00:55.085839,Angry,86.23%
2026-05-10 16:00:55.288029,Happy,43.75%
2026-05-10 16:00:55.542366,Angry,81.86%
2026-05-10 16:00:55.763260,Happy,46.63%
2026-05-10 16:00:55.994993,Angry,48.16%
2026-05-10 16:00:56.202991,Angry,52.53%
2026-05-10 16:00:56.400209,Happy,37.16%
2026-05-10 16:00:56.594087,Angry,78.80%
2026-05-10 16:00:56.841822,Angry,82.34%
2026-05-10 16:00:57.085271,Happy,35.44%
2026-05-10 16:00:57.262124,Angry,77.25%
2026-05-10 16:00:57.474041,Happy,38.14%
2026-05-10 16:00:57.700651,Angry,85.09%
2026-05-10 16:00:57.920502,Angry,77.75%
2026-05-10 16:00:58.144728,Angry,78.41%
2026-05-10 16:00:58.374584,Angry,58.92%
2026-05-10 16:00:58.580700,Angry,83.75%
2026-05-10 16:00:58.804426,Happy,39.97%
2026-05-10 16:00:59.007262,Happy,39.69%
2026-05-10 16:00:59.210408,Angry,73.80%
2026-05-10 16:00:59.406536,Happy,41.27%
2026-05-10 16:00:59.623949,Happy,39.99%
2026-05-10 16:00:59.828823,Happy,37.43%
2026-05-10 16:01:00.034053,Happy,41.62%
2026-05-10 16:01:00.242724,Happy,39.79%
2026-05-10 16:01:00.446009,Happy,38.14%
2026-05-10 16:01:00.659531,Angry,42.01%
2026-05-10 16:01:00.828441,Happy,38.99%
2026-05-10 16:01:01.031329,Happy,38.84%
2026-05-10 16:01:01.278731,Happy,42.30%
2026-05-10 16:01:01.468821,Happy,50.66%
2026-05-10 16:01:01.671191,Happy,48.79%
2026-05-10 16:01:01.859891,Happy,41.69%
2026-05-10 16:01:02.060469,Happy,47.80%
2026-05-10 16:01:02.313069,Happy,47.29%
2026-05-10 16:01:02.766023,Happy,41.75%
2026-05-10 16:01:02.946980,Happy,43.89%
2026-05-10 16:01:03.162806,Happy,43.38%
2026-05-10 16:01:03.347393,Happy,51.99%
2026-05-10 16:01:03.582382,Happy,52.81%
2026-05-10 16:01:03.822904,Happy,43.75%
2026-05-10 16:01:04.054239,Angry,78.60%
2026-05-10 16:01:04.234631,Happy,38.71%
2026-05-10 16:01:04.412919,Angry,76.40%
2026-05-10 16:01:04.616456,Angry,80.42%
2026-05-10 16:01:04.817580,Angry,81.59%
2026-05-10 16:01:05.002389,Angry,73.17%
2026-05-10 16:01:05.202699,Angry,61.15%
2026-05-10 16:01:05.434855,Sad,53.48%
2026-05-10 16:01:05.663503,Sad,52.01%
2026-05-10 16:01:05.854621,Angry,57.95%
2026-05-10 16:01:06.054755,Angry,75.36%
2026-05-10 16:01:07.615543,Angry,72.20%
2026-05-10 16:01:07.850698,Angry,91.48%
2026-05-10 16:01:08.122814,Happy,34.62%
2026-05-10 16:01:08.358727,Angry,88.83%
2026-05-10 16:01:08.619177,Angry,94.20%
2026-05-10 16:01:08.891078,Angry,84.47%
2026-05-10 16:01:09.099866,Angry,91.33%
2026-05-10 16:01:09.355616,Angry,83.08%
2026-05-10 16:01:09.593796,Angry,71.94%
2026-05-10 16:01:09.846224,Angry,89.65%
2026-05-10 16:01:10.032503,Angry,79.87%
2026-05-10 16:01:10.259147,Angry,94.94%
2026-05-10 16:01:10.466307,Angry,94.01%
2026-05-10 16:01:10.659164,Angry,94.39%
2026-05-10 16:01:10.895424,Angry,87.08%
2026-05-10 16:01:11.127443,Angry,94.86%
2026-05-10 16:01:11.328822,Angry,84.97%
2026-05-10 16:01:12.244973,Angry,93.79%
2026-05-10 16:01:12.434377,Angry,84.79%
2026-05-10 16:01:12.618725,Angry,93.29%
2026-05-10 16:01:12.818523,Angry,91.22%
2026-05-10 16:01:13.023900,Angry,90.01%
2026-05-10 16:01:13.229863,Angry,95.68%
2026-05-10 16:01:13.410577,Angry,95.67%
2026-05-10 16:01:13.622899,Angry,90.10%
2026-05-10 16:01:13.857114,Angry,94.02%
2026-05-10 16:01:14.043979,Angry,87.00%
2026-05-10 16:01:14.236129,Angry,93.92%
2026-05-10 16:01:14.451295,Angry,87.21%
2026-05-10 16:01:14.653973,Angry,93.10%
2026-05-10 16:01:14.863998,Angry,94.35%
2026-05-10 16:01:15.122354,Angry,89.99%
2026-05-10 16:01:15.341684,Angry,87.76%
2026-05-10 16:01:15.573137,Angry,89.63%
2026-05-10 16:01:15.818071,Angry,92.93%
2026-05-10 16:01:16.040800,Angry,93.47%
2026-05-10 16:01:16.251515,Angry,93.74%
2026-05-10 16:01:16.518388,Angry,95.09%
2026-05-10 16:01:16.724411,Angry,92.17%
2026-05-10 16:01:16.945524,Angry,94.83%
2026-05-10 16:01:17.153271,Angry,96.42%
2026-05-10 16:01:17.356287,Angry,90.93%
2026-05-10 16:01:17.572983,Angry,93.32%
2026-05-10 16:01:17.832294,Angry,86.14%
2026-05-10 16:01:18.076649,Angry,93.18%
2026-05-10 16:01:18.283564,Angry,92.57%
2026-05-10 16:01:18.482329,Angry,91.47%
2026-05-10 16:01:18.671454,Angry,94.94%
2026-05-10 16:01:18.903677,Angry,88.27%
2026-05-10 16:01:19.139493,Angry,86.35%
2026-05-10 16:01:19.374465,Angry,89.07%
2026-05-10 16:01:19.562947,Angry,82.16%
2026-05-10 16:01:19.752630,Angry,90.62%
2026-05-10 16:01:19.962028,Angry,87.24%
2026-05-10 16:01:20.227228,Angry,89.76%
2026-05-10 16:01:20.439626,Angry,81.17%
2026-05-10 16:01:20.996132,Angry,94.19%
2026-05-10 16:01:21.227178,Angry,85.47%
2026-05-10 16:01:21.439257,Angry,94.40%
2026-05-10 16:01:21.661508,Angry,89.72%
2026-05-10 16:01:21.864613,Angry,89.04%
2026-05-10 16:01:22.100578,Angry,85.10%
2026-05-10 16:01:22.336644,Angry,80.05%
2026-05-10 16:01:22.550794,Angry,90.36%
2026-05-10 16:01:22.768626,Angry,83.74%
2026-05-10 16:01:23.003901,Angry,94.29%
2026-05-10 16:01:23.260583,Angry,95.08%
2026-05-10 16:01:23.499729,Angry,74.61%
2026-05-10 16:01:23.752135,Angry,86.76%
2026-05-10 16:01:23.939817,Angry,93.47%
2026-05-10 16:01:24.155173,Angry,86.78%
2026-05-10 16:01:24.354102,Angry,87.79%
2026-05-10 16:01:24.560787,Angry,89.93%
2026-05-10 16:01:24.790409,Angry,96.56%
2026-05-10 16:01:25.037021,Angry,96.60%
2026-05-10 16:01:25.262791,Angry,95.59%
2026-05-10 16:01:25.460604,Angry,95.80%
2026-05-10 16:01:25.698973,Angry,95.06%
2026-05-10 16:01:25.923921,Angry,86.86%
2026-05-10 16:01:26.143954,Angry,94.43%
2026-05-10 16:01:26.402854,Angry,91.83%
2026-05-10 16:01:26.635656,Angry,90.99%
2026-05-10 16:01:26.843944,Angry,79.32%
2026-05-10 16:01:27.062459,Angry,90.83%
2026-05-10 16:01:27.294549,Angry,81.06%
2026-05-10 16:01:27.504359,Angry,95.80%
2026-05-10 16:01:27.770913,Angry,97.56%
2026-05-10 16:01:27.996151,Angry,95.72%
2026-05-10 16:01:28.247902,Angry,88.64%
2026-05-10 16:01:28.508797,Angry,97.51%
2026-05-10 16:01:28.718763,Angry,94.05%
2026-05-10 16:01:28.948768,Angry,92.60%
2026-05-10 16:01:29.234454,Angry,83.72%
2026-05-10 16:01:29.453191,Angry,45.29%
2026-05-10 16:01:29.679146,Sad,40.66%
2026-05-10 16:01:29.882004,Sad,40.69%
2026-05-10 16:01:30.091491,Sad,42.49%
2026-05-10 16:01:30.305021,Sad,37.48%
2026-05-10 16:01:30.559064,Sad,43.92%
2026-05-10 16:01:33.149535,Sad,35.78%
2026-05-10 16:01:33.678211,Neutral,47.89%
2026-05-10 16:01:33.915558,Neutral,51.18%
2026-05-10 16:01:34.125046,Neutral,49.04%
2026-05-10 16:01:34.431932,Neutral,47.00%
2026-05-10 16:01:34.652394,Neutral,44.68%
2026-05-10 16:01:35.607853,Neutral,38.50%
2026-05-10 16:01:35.946237,Neutral,53.36%
2026-05-10 16:01:36.421659,Neutral,54.63%
2026-05-10 16:01:36.764492,Neutral,45.38%
2026-05-10 16:01:37.007851,Neutral,52.50%
2026-05-10 16:01:37.514818,Neutral,55.98%
2026-05-10 16:01:38.245513,Neutral,50.59%
2026-05-10 16:01:38.429654,Neutral,39.13%
2026-05-10 16:01:38.654415,Neutral,39.96%
2026-05-10 16:01:39.235137,Neutral,69.91%
2026-05-10 16:01:39.463413,Neutral,72.85%
2026-05-10 16:01:39.691951,Neutral,66.22%
2026-05-10 16:01:39.926860,Neutral,77.02%
2026-05-10 16:01:40.135281,Neutral,66.49%
2026-05-10 16:03:59.595663,Neutral,81.21%
2026-05-10 16:03:59.835043,Neutral,72.93%
2026-05-10 16:04:00.039283,Neutral,81.02%
2026-05-10 16:04:00.246636,Neutral,80.37%
2026-05-10 16:04:00.493220,Neutral,80.52%
2026-05-10 16:04:00.680074,Neutral,75.83%
2026-05-10 16:04:00.858242,Neutral,71.64%
2026-05-10 16:04:01.057140,Neutral,73.01%
2026-05-10 16:04:01.253006,Neutral,73.31%
2026-05-10 16:04:01.464282,Neutral,72.94%
2026-05-10 16:04:01.637885,Neutral,74.64%
2026-05-10 16:04:01.843650,Neutral,77.58%
2026-05-10 16:04:02.045907,Neutral,73.95%
2026-05-10 16:04:02.240875,Neutral,75.75%
2026-05-10 16:04:02.458635,Neutral,79.86%
2026-05-10 16:06:55.413712,Neutral,31.93%
2026-05-10 16:06:55.782448,Neutral,38.98%
2026-05-10 16:06:56.017029,Neutral,46.06%
2026-05-10 16:06:56.617706,Neutral,42.99%
2026-05-10 16:06:56.832670,Neutral,42.31%
2026-05-10 16:06:57.081657,Neutral,51.64%
2026-05-10 16:06:57.315016,Neutral,50.96%
2026-05-10 16:06:57.542971,Neutral,57.75%
2026-05-10 16:06:57.786940,Neutral,58.85%
2026-05-10 16:06:58.033793,Neutral,59.39%
2026-05-10 16:06:58.262516,Neutral,57.81%
2026-05-10 16:06:58.551396,Neutral,59.53%
2026-05-10 16:06:58.784251,Neutral,53.34%
2026-05-10 16:06:59.040227,Neutral,54.51%
2026-05-10 16:06:59.310518,Neutral,49.02%
2026-05-10 16:06:59.576860,Neutral,49.91%
2026-05-10 16:06:59.850909,Neutral,52.66%
2026-05-10 16:07:00.142297,Neutral,56.02%
2026-05-10 16:07:00.437599,Neutral,59.01%
2026-05-10 16:07:00.749564,Neutral,62.70%
2026-05-10 16:07:01.033770,Neutral,66.41%
2026-05-10 16:07:01.305493,Neutral,69.75%
2026-05-10 16:07:01.572834,Neutral,68.07%
2026-05-10 16:07:01.872290,Neutral,62.27%
2026-05-10 16:07:02.158151,Neutral,52.13%
2026-05-10 16:07:02.410802,Neutral,52.77%
2026-05-10 16:07:02.680868,Neutral,45.82%
2026-05-10 16:07:02.904461,Neutral,53.03%
2026-05-10 16:07:03.157571,Neutral,52.91%
2026-05-10 16:07:03.419163,Neutral,52.22%
2026-05-10 16:07:03.681904,Neutral,54.07%
2026-05-10 16:07:03.940638,Neutral,54.64%
2026-05-10 16:07:04.188151,Neutral,59.25%
2026-05-10 16:07:04.420661,Neutral,52.34%
2026-05-10 16:07:04.652561,Neutral,56.01%
2026-05-10 16:07:04.902574,Neutral,54.85%
2026-05-10 16:07:05.138866,Neutral,57.85%
2026-05-10 16:07:05.441773,Neutral,58.38%
2026-05-10 16:07:05.727123,Neutral,65.05%
2026-05-10 16:07:05.994922,Neutral,49.67%
2026-05-10 16:07:06.237442,Neutral,56.62%
2026-05-10 16:07:06.514745,Neutral,51.31%
2026-05-10 16:07:06.756022,Neutral,48.35%
2026-05-10 16:07:06.982010,Neutral,51.75%
2026-05-10 16:07:07.234617,Neutral,56.89%
2026-05-10 16:07:07.490132,Neutral,51.59%
2026-05-10 16:07:07.742475,Neutral,55.11%
2026-05-10 16:07:07.996404,Neutral,53.79%
2026-05-10 16:07:08.222223,Neutral,42.26%
2026-05-10 16:07:08.459193,Neutral,44.02%
2026-05-10 16:07:08.703600,Neutral,38.98%
2026-05-10 16:07:08.945811,Neutral,43.66%
2026-05-10 16:07:09.206582,Neutral,35.59%
2026-05-10 16:07:09.439381,Neutral,36.29%
2026-05-10 16:07:09.687411,Neutral,39.66%
2026-05-10 16:07:09.940497,Neutral,36.11%
2026-05-10 16:07:10.190377,Neutral,38.47%
2026-05-10 16:07:10.441830,Neutral,41.57%
2026-05-10 16:07:10.707645,Neutral,44.89%
2026-05-10 16:07:10.936626,Neutral,42.37%
2026-05-10 16:07:11.169248,Neutral,39.71%
2026-05-10 16:07:11.410324,Neutral,39.60%
2026-05-10 16:07:11.689085,Neutral,44.27%
2026-05-10 16:07:11.978975,Neutral,37.39%
2026-05-10 16:07:12.195182,Neutral,38.88%
2026-05-10 16:07:12.462796,Neutral,39.20%
2026-05-10 16:07:12.715541,Neutral,35.71%
2026-05-10 16:07:12.976310,Neutral,40.32%
2026-05-10 16:07:13.229734,Neutral,42.88%
2026-05-10 16:07:13.498928,Neutral,38.61%
2026-05-10 16:07:13.741723,Neutral,41.10%
2026-05-10 16:07:13.992876,Neutral,39.35%
2026-05-10 16:07:14.248760,Neutral,42.47%
2026-05-10 16:07:14.500769,Neutral,46.65%
2026-05-10 16:07:14.746158,Neutral,46.03%
2026-05-10 16:07:14.967552,Neutral,45.46%
2026-05-10 16:07:15.220787,Neutral,51.19%
2026-05-10 16:07:15.468023,Neutral,44.62%
2026-05-10 16:07:15.718236,Neutral,42.58%
2026-05-10 16:07:15.991570,Neutral,53.98%
2026-05-10 16:07:16.247373,Neutral,50.78%
2026-05-10 16:07:16.524490,Neutral,55.54%
2026-05-10 16:07:16.817196,Neutral,46.17%
2026-05-10 16:07:17.083705,Neutral,49.99%
2026-05-10 16:07:17.332145,Neutral,48.26%
2026-05-10 16:07:17.604707,Neutral,49.42%
2026-05-10 16:07:17.862453,Neutral,46.76%
2026-05-10 16:07:18.145380,Neutral,49.23%
2026-05-10 16:07:18.412636,Neutral,49.68%
2026-05-10 16:07:18.666172,Neutral,54.70%
2026-05-10 16:07:18.950371,Neutral,56.18%
2026-05-10 16:07:19.195386,Neutral,50.67%
2026-05-10 16:07:19.464408,Neutral,55.11%
2026-05-10 16:07:19.691884,Neutral,49.03%
2026-05-10 16:07:19.961507,Neutral,54.30%
2026-05-10 16:07:20.372008,Neutral,49.36%
2026-05-10 16:07:20.913496,Neutral,45.69%
2026-05-10 16:07:21.324838,Neutral,50.67%
2026-05-10 16:07:21.777139,Neutral,57.39%
2026-05-10 16:07:22.000378,Neutral,60.91%
2026-05-10 16:07:22.264900,Neutral,49.13%
2026-05-10 16:07:22.529742,Neutral,58.97%
2026-05-10 16:07:22.781496,Neutral,61.83%
2026-05-10 16:07:23.043689,Neutral,58.13%
2026-05-10 16:07:23.292458,Neutral,58.80%
2026-05-10 16:07:23.537435,Neutral,59.25%
2026-05-10 16:07:23.825135,Neutral,58.54%
2026-05-10 16:07:24.077049,Neutral,56.70%
2026-05-10 16:07:24.517920,Neutral,59.35%
2026-05-10 16:07:24.757548,Neutral,53.57%
2026-05-10 16:07:25.011329,Neutral,50.27%
2026-05-10 16:07:25.245844,Neutral,51.61%
2026-05-10 16:07:25.504865,Neutral,48.88%
2026-05-10 16:07:25.783885,Neutral,48.52%
2026-05-10 16:07:26.114289,Neutral,54.14%
2026-05-10 16:07:26.434878,Neutral,45.99%
2026-05-10 16:07:26.777803,Neutral,48.50%
2026-05-10 16:07:27.130267,Neutral,50.49%
2026-05-10 16:07:27.484115,Neutral,47.93%
2026-05-10 16:07:27.852820,Neutral,50.99%
2026-05-10 16:07:28.219663,Neutral,53.66%
2026-05-10 16:07:28.579043,Neutral,48.87%
2026-05-10 16:07:28.950401,Neutral,44.12%
2026-05-10 16:07:29.375758,Neutral,42.50%
2026-05-10 16:07:29.727407,Neutral,50.22%
2026-05-10 16:07:30.093876,Neutral,46.49%
2026-05-10 16:07:30.464793,Neutral,45.01%
2026-05-10 16:07:30.836538,Neutral,48.91%
2026-05-10 16:07:31.338339,Neutral,53.14%
2026-05-10 16:07:31.651037,Neutral,47.97%
2026-05-10 16:07:32.032297,Neutral,59.72%
2026-05-10 16:07:32.455532,Neutral,60.78%
2026-05-10 16:07:32.789497,Neutral,48.69%
2026-05-10 16:07:33.161580,Neutral,49.94%
2026-05-10 16:07:33.543056,Neutral,51.64%
2026-05-10 16:07:33.896209,Neutral,46.44%
2026-05-10 16:07:34.225996,Neutral,51.19%
2026-05-10 16:07:34.555942,Neutral,53.26%
2026-05-10 16:07:34.921318,Neutral,46.08%
2026-05-10 16:07:35.254032,Neutral,49.97%
2026-05-10 16:07:35.580577,Neutral,49.06%
2026-05-10 16:07:35.936526,Neutral,50.72%
2026-05-10 16:07:36.236367,Neutral,57.36%
2026-05-10 16:07:36.523880,Neutral,57.20%
2026-05-10 16:07:36.836761,Neutral,56.67%
2026-05-10 16:07:37.150498,Neutral,54.06%
2026-05-10 16:07:37.419872,Neutral,50.65%
2026-05-10 16:07:37.655037,Neutral,58.66%
2026-05-10 16:07:37.934666,Neutral,51.65%
2026-05-10 16:07:38.241642,Neutral,54.25%
2026-05-10 16:07:38.500833,Neutral,56.95%
2026-05-10 16:07:38.744943,Neutral,48.68%
2026-05-10 16:07:39.009508,Neutral,52.10%
2026-05-10 16:07:39.251028,Neutral,51.61%
2026-05-10 16:07:39.502008,Neutral,49.31%
2026-05-10 16:07:39.856831,Neutral,51.89%
2026-05-10 16:07:40.125310,Neutral,51.07%
2026-05-10 16:07:40.368796,Neutral,54.79%
2026-05-10 16:07:40.618123,Neutral,53.17%
2026-05-10 16:07:40.868582,Neutral,50.21%
2026-05-10 16:07:41.150959,Neutral,49.72%
2026-05-10 16:07:41.391522,Neutral,50.16%
2026-05-10 16:07:41.635707,Neutral,63.49%
2026-05-10 16:07:41.899874,Neutral,60.51%
2026-05-10 16:07:42.153020,Neutral,64.72%
2026-05-10 16:07:42.406061,Neutral,60.66%
2026-05-10 16:07:42.627768,Neutral,54.00%
2026-05-10 16:07:42.878496,Neutral,57.75%
2026-05-10 16:07:43.123927,Neutral,40.58%
2026-05-10 16:07:43.506802,Neutral,40.62%
2026-05-10 16:07:43.891767,Neutral,49.51%
2026-05-10 16:07:44.225339,Neutral,47.63%
2026-05-10 16:07:44.573554,Neutral,50.85%
2026-05-10 16:07:44.931615,Neutral,53.72%
2026-05-10 16:07:45.383408,Sad,41.37%
2026-05-10 16:07:46.380821,Sad,34.93%
2026-05-10 16:07:47.137713,Sad,38.65%
2026-05-10 16:07:48.611140,Sad,33.61%
2026-05-10 16:07:49.176996,Happy,31.57%
2026-05-10 16:07:49.618840,Sad,35.43%
2026-05-10 16:07:50.589715,Sad,33.01%
2026-05-10 16:07:51.003137,Sad,35.01%
2026-05-10 16:07:51.446898,Sad,33.78%
2026-05-10 16:07:51.946439,Sad,32.93%
2026-05-10 16:07:52.896133,Sad,35.71%
2026-05-10 16:07:53.361275,Sad,35.34%
2026-05-10 16:07:53.790177,Sad,36.07%
2026-05-10 16:07:54.180102,Sad,34.74%
2026-05-10 16:07:54.566321,Sad,35.50%
2026-05-10 16:07:55.305435,Sad,35.41%
2026-05-10 16:07:56.255184,Sad,34.94%
2026-05-10 16:07:56.724285,Sad,35.94%
2026-05-10 16:07:57.153027,Sad,35.32%
2026-05-10 16:07:57.623953,Sad,35.79%
2026-05-10 16:07:58.169596,Sad,35.18%
2026-05-10 16:07:58.581381,Sad,34.65%
2026-05-10 16:07:59.200998,Sad,35.22%
2026-05-10 16:07:59.615927,Sad,35.14%
2026-05-10 16:08:00.037623,Sad,34.78%
2026-05-10 16:08:00.599848,Sad,34.56%
2026-05-10 16:08:01.083183,Sad,34.21%
2026-05-10 16:08:01.482131,Neutral,51.00%
2026-05-10 16:08:01.947583,Sad,34.35%
2026-05-10 16:08:02.500924,Sad,35.00%
2026-05-10 16:08:02.920837,Sad,35.55%
2026-05-10 16:08:03.341088,Sad,35.67%
2026-05-10 16:08:04.069101,Sad,35.40%
2026-05-10 16:08:05.478620,Neutral,44.79%
2026-05-10 16:08:06.383861,Sad,35.96%
2026-05-10 16:08:07.825454,Sad,35.30%
2026-05-10 16:08:08.349339,Sad,34.26%
2026-05-10 16:08:08.891298,Neutral,52.18%
2026-05-10 16:08:09.273898,Sad,33.49%
2026-05-10 16:08:09.654692,Neutral,55.51%
2026-05-10 16:08:10.130469,Sad,35.09%
2026-05-10 16:08:10.846303,Sad,34.84%
2026-05-10 16:08:11.525077,Sad,35.92%
2026-05-10 16:08:12.266613,Sad,34.44%
2026-05-10 16:08:12.723187,Sad,34.01%
2026-05-10 16:08:13.332340,Sad,34.05%
2026-05-10 16:08:14.790031,Sad,34.94%
2026-05-10 16:08:15.379046,Sad,34.59%
2026-05-10 16:08:16.162758,Sad,37.13%
2026-05-10 16:08:16.613697,Sad,36.48%
2026-05-10 16:08:17.427337,Sad,35.27%
2026-05-10 16:08:43.111955,Neutral,42.83%
2026-05-10 16:08:43.294658,Neutral,47.52%
2026-05-10 16:08:43.468220,Neutral,48.08%
2026-05-10 16:08:43.649283,Neutral,50.41%
2026-05-10 16:08:43.854649,Neutral,50.19%
2026-05-10 16:08:44.042128,Neutral,47.15%
2026-05-10 16:08:44.232621,Neutral,51.60%
2026-05-10 16:08:44.389499,Neutral,48.72%
2026-05-10 16:08:44.650719,Neutral,47.51%
2026-05-10 16:08:44.847734,Neutral,43.25%
2026-05-10 16:08:45.038218,Neutral,46.11%
2026-05-10 16:08:45.232509,Neutral,44.73%
2026-05-10 16:08:45.432199,Neutral,48.94%
2026-05-10 16:08:45.628832,Neutral,47.27%
2026-05-10 16:08:45.842287,Happy,39.02%
2026-05-10 16:08:46.052038,Sad,32.22%
2026-05-10 16:08:46.263779,Happy,61.12%
2026-05-10 16:08:46.470701,Sad,39.65%
2026-05-10 16:08:46.661776,Sad,30.63%
2026-05-10 16:08:46.868431,Happy,34.17%
2026-05-10 16:08:47.062286,Happy,43.01%
2026-05-10 16:08:47.253884,Sad,36.39%
2026-05-10 16:08:47.512238,Angry,37.48%
2026-05-10 16:08:47.694232,Sad,31.03%
2026-05-10 16:08:47.888918,Angry,40.70%
2026-05-10 16:08:48.074051,Angry,37.92%
2026-05-10 16:08:48.262808,Angry,37.60%
2026-05-10 16:08:48.429716,Sad,40.84%
2026-05-10 16:08:48.604863,Sad,41.72%
2026-05-10 16:08:48.828074,Sad,39.95%
2026-05-10 16:08:49.024068,Sad,41.60%
2026-05-10 16:08:49.233811,Sad,40.64%
2026-05-10 16:08:49.470168,Neutral,53.85%
2026-05-10 16:08:49.681220,Neutral,52.99%
2026-05-10 16:08:49.871683,Neutral,53.29%
2026-05-10 16:08:50.048842,Neutral,49.46%
2026-05-10 16:08:50.283893,Neutral,49.89%
2026-05-10 16:08:50.485679,Neutral,47.73%
2026-05-10 16:08:50.672902,Sad,40.04%
2026-05-10 16:08:50.886580,Neutral,47.21%
2026-05-10 16:08:51.102403,Neutral,59.29%
2026-05-10 16:08:51.313846,Neutral,55.51%
2026-05-10 16:08:51.598456,Neutral,38.81%
2026-05-10 16:08:51.825630,Neutral,43.62%
2026-05-10 16:08:52.041452,Neutral,36.10%
2026-05-10 16:08:52.223158,Neutral,55.54%
2026-05-10 16:08:52.437422,Neutral,60.62%
2026-05-10 16:08:52.625792,Neutral,54.14%
2026-05-10 16:08:52.802430,Neutral,50.36%
2026-05-10 16:08:53.039954,Neutral,37.08%
2026-05-10 16:08:53.241612,Neutral,41.84%
2026-05-10 16:08:53.435905,Neutral,62.93%
2026-05-10 16:08:53.639540,Neutral,41.99%
2026-05-10 16:08:53.814335,Neutral,66.62%
2026-05-10 16:08:54.758016,Neutral,69.45%
2026-05-10 16:08:54.976936,Neutral,72.18%
2026-05-10 16:08:55.167059,Neutral,45.34%
2026-05-10 16:08:55.353924,Neutral,52.30%
2026-05-10 16:08:55.582926,Neutral,45.95%
2026-05-10 16:08:55.840048,Neutral,48.10%
2026-05-10 16:08:56.090070,Neutral,52.58%
2026-05-10 16:08:56.297472,Neutral,54.26%
2026-05-10 16:08:56.535563,Neutral,51.99%
2026-05-10 16:08:56.723809,Neutral,44.73%
2026-05-10 16:08:56.946691,Neutral,55.50%
2026-05-10 16:08:57.181171,Neutral,58.96%
2026-05-10 16:08:57.405561,Neutral,44.30%
2026-05-10 16:08:57.618246,Neutral,48.26%
2026-05-10 16:08:57.858606,Neutral,55.74%
2026-05-10 16:08:58.061096,Neutral,40.58%
2026-05-10 16:08:58.283880,Neutral,48.04%
2026-05-10 16:08:58.493451,Neutral,49.03%
2026-05-10 16:08:58.759314,Neutral,56.75%
2026-05-10 16:08:58.994483,Neutral,61.02%
2026-05-10 16:08:59.276471,Neutral,53.26%
2026-05-10 16:08:59.479535,Neutral,41.55%
2026-05-10 16:08:59.700084,Neutral,48.93%
2026-05-10 16:08:59.895102,Neutral,45.66%
2026-05-10 16:09:00.164796,Neutral,45.27%
2026-05-10 16:09:00.373498,Neutral,46.25%
2026-05-10 16:09:00.577942,Neutral,35.00%
2026-05-10 16:09:00.816067,Neutral,39.50%
2026-05-10 16:09:01.048420,Neutral,43.80%
2026-05-10 16:09:01.267701,Neutral,58.06%
2026-05-10 16:09:01.521138,Neutral,43.72%
2026-05-10 16:09:01.748293,Neutral,47.61%
2026-05-10 16:09:01.940148,Neutral,56.08%
2026-05-10 16:09:02.154163,Neutral,56.22%
2026-05-10 16:09:02.395600,Neutral,37.80%
2026-05-10 16:09:02.666746,Neutral,52.88%
2026-05-10 16:09:02.929212,Neutral,49.92%
2026-05-10 16:09:03.161818,Neutral,64.62%
2026-05-10 16:09:03.353555,Neutral,56.80%
2026-05-10 16:09:03.550081,Neutral,56.44%
2026-05-10 16:09:03.724699,Neutral,52.39%
2026-05-10 16:09:03.925620,Neutral,48.41%
2026-05-10 16:09:04.125372,Neutral,51.40%
2026-05-10 16:09:04.375546,Neutral,47.58%
2026-05-10 16:09:04.592046,Neutral,47.45%
2026-05-10 16:09:04.811357,Neutral,50.34%
2026-05-10 16:09:05.024658,Neutral,46.86%
2026-05-10 16:09:05.234088,Neutral,54.19%
2026-05-10 16:09:05.461795,Neutral,57.37%
2026-05-10 16:09:05.712182,Neutral,49.78%
2026-05-10 16:09:05.962128,Neutral,50.86%
2026-05-10 16:09:06.171832,Happy,65.97%
2026-05-10 16:09:06.385004,Happy,83.33%
2026-05-10 16:09:06.574359,Happy,85.82%
2026-05-10 16:09:06.812463,Happy,68.52%
2026-05-10 16:09:07.040316,Happy,83.18%
2026-05-10 16:09:07.282202,Happy,59.34%
2026-05-10 16:09:07.462798,Happy,65.11%
2026-05-10 16:09:07.641910,Happy,40.91%
2026-05-10 16:09:07.836797,Happy,68.37%
2026-05-10 16:09:08.015958,Happy,52.19%
2026-05-10 16:09:08.252491,Happy,63.01%
2026-05-10 16:09:08.471253,Happy,74.63%
2026-05-10 16:09:08.721440,Happy,75.89%
2026-05-10 16:09:08.926531,Happy,68.41%
2026-05-10 16:09:09.137363,Happy,51.76%
2026-05-10 16:09:09.628574,Happy,75.73%
2026-05-10 16:09:09.857071,Happy,68.19%
2026-05-10 16:09:10.095020,Happy,49.83%
2026-05-10 16:09:10.320861,Happy,38.11%
2026-05-10 16:09:10.538464,Sad,39.04%
2026-05-10 16:09:10.761500,Sad,32.69%
2026-05-10 16:09:10.958665,Sad,37.21%
2026-05-10 16:09:11.161449,Sad,37.66%
2026-05-10 16:09:11.404890,Sad,40.08%
2026-05-10 16:09:11.621266,Neutral,35.38%
2026-05-10 16:09:11.846935,Sad,36.33%
2026-05-10 16:09:12.058125,Neutral,44.28%
2026-05-10 16:09:12.276310,Neutral,47.11%
2026-05-10 16:09:12.472763,Neutral,50.01%
2026-05-10 16:09:12.687123,Neutral,51.56%
2026-05-10 16:09:12.945602,Happy,36.25%
2026-05-10 16:09:13.156486,Neutral,53.08%
2026-05-10 16:09:13.352189,Neutral,45.29%
2026-05-10 16:09:13.578831,Neutral,48.97%
2026-05-10 16:09:13.813965,Neutral,44.01%
2026-05-10 16:09:14.032659,Neutral,47.99%
2026-05-10 16:09:14.288656,Neutral,55.09%
2026-05-10 16:09:14.469916,Neutral,49.00%
2026-05-10 16:09:14.639793,Neutral,39.48%
2026-05-10 16:09:14.852249,Neutral,52.64%
2026-05-10 16:09:15.061876,Neutral,52.54%
2026-05-10 16:09:15.276627,Neutral,52.28%
2026-05-10 16:09:15.495504,Neutral,54.28%
2026-05-10 16:09:15.720677,Neutral,59.28%
2026-05-10 16:09:15.950872,Neutral,51.22%
2026-05-10 16:09:16.516484,Neutral,58.05%
2026-05-10 16:09:19.328804,Neutral,56.82%
2026-05-10 16:09:19.528182,Neutral,50.36%
2026-05-10 16:09:19.765691,Neutral,34.71%
2026-05-10 16:09:20.006665,Neutral,39.08%
2026-05-10 16:09:20.197963,Neutral,52.91%
2026-05-10 16:09:20.435310,Sad,39.48%
2026-05-10 16:09:20.637131,Sad,30.34%
2026-05-10 16:09:22.006976,Neutral,28.62%
2026-05-10 16:09:22.423974,Sad,27.35%
2026-05-10 16:09:22.632457,Happy,29.74%
2026-05-10 16:09:22.873545,Happy,34.73%
2026-05-10 16:09:23.288730,Angry,37.76%
2026-05-10 16:09:23.611241,Sad,30.15%
2026-05-10 16:09:23.906278,Neutral,66.97%
2026-05-10 16:09:24.461814,Neutral,69.64%
2026-05-10 16:09:24.714975,Neutral,63.12%
2026-05-10 16:09:24.905514,Neutral,68.73%
2026-05-10 16:09:25.120868,Neutral,60.45%
2026-05-10 16:09:26.740656,Neutral,37.66%
2026-05-10 16:09:26.986403,Sad,34.91%
2026-05-10 16:09:27.242406,Neutral,36.69%
2026-05-10 16:09:27.489635,Neutral,46.16%
2026-05-10 16:09:27.751712,Neutral,57.65%
2026-05-10 16:09:27.990831,Neutral,50.50%
2026-05-10 16:09:28.198215,Neutral,48.80%
2026-05-10 16:09:28.463154,Neutral,59.90%
2026-05-10 16:09:28.677095,Neutral,52.31%
2026-05-10 16:09:28.901767,Neutral,57.80%
2026-05-10 16:09:29.130678,Neutral,56.72%
2026-05-10 16:09:29.343607,Neutral,54.98%
2026-05-10 16:09:29.559660,Neutral,62.42%
2026-05-10 16:09:29.796015,Neutral,55.34%
2026-05-10 16:09:30.022744,Neutral,58.90%
2026-05-10 16:09:30.195279,Neutral,56.22%
2026-05-10 16:09:30.377078,Neutral,37.55%
2026-05-10 16:09:30.597532,Neutral,60.59%
2026-05-10 16:09:30.789705,Neutral,54.75%
2026-05-10 16:09:31.060727,Neutral,53.49%
2026-05-10 16:09:31.286662,Neutral,47.91%
2026-05-10 16:09:31.490612,Neutral,51.97%
2026-05-10 16:09:31.751955,Neutral,48.15%
2026-05-10 16:09:31.988058,Neutral,57.88%
2026-05-10 16:09:32.204165,Neutral,46.85%
2026-05-10 16:09:32.402022,Neutral,47.70%
2026-05-10 16:09:32.666802,Neutral,50.20%
2026-05-10 16:09:32.867514,Neutral,47.70%
2026-05-10 16:09:33.068272,Neutral,60.44%
2026-05-10 16:09:33.244252,Neutral,60.00%
2026-05-10 16:09:33.463342,Neutral,54.40%
2026-05-10 16:09:33.695623,Neutral,54.34%
2026-05-10 16:09:33.912788,Neutral,48.60%
2026-05-10 16:09:34.188563,Neutral,44.27%
2026-05-10 16:09:34.388381,Neutral,40.90%
2026-05-10 16:09:34.725322,Neutral,56.65%
2026-05-10 16:09:34.943509,Neutral,50.37%
2026-05-10 16:09:35.143737,Neutral,44.05%
2026-05-10 16:09:35.396717,Neutral,52.25%
2026-05-10 16:09:35.627419,Neutral,41.99%
2026-05-10 16:09:35.842789,Neutral,43.29%
2026-05-10 16:09:36.048252,Neutral,40.77%
2026-05-10 16:09:36.246867,Neutral,39.85%
2026-05-10 16:09:36.452803,Neutral,43.62%
2026-05-10 16:09:36.715543,Neutral,48.79%
2026-05-10 16:09:36.948186,Neutral,45.36%
2026-05-10 16:09:37.182307,Neutral,44.28%
2026-05-10 16:09:37.375029,Neutral,40.58%
2026-05-10 16:09:37.583234,Neutral,44.91%
2026-05-10 16:09:37.791029,Neutral,39.92%
2026-05-10 16:09:37.986310,Neutral,43.15%
2026-05-10 16:09:38.276360,Neutral,38.40%
2026-05-10 16:09:38.496349,Neutral,40.57%
2026-05-10 16:09:38.691885,Neutral,43.80%
2026-05-10 16:09:38.909827,Neutral,44.26%
2026-05-10 16:09:39.098597,Neutral,50.84%
2026-05-10 16:09:39.336838,Neutral,46.83%
2026-05-10 16:09:39.569386,Neutral,54.66%
2026-05-10 16:09:39.797647,Neutral,49.56%
2026-05-10 16:09:39.992183,Neutral,47.04%
2026-05-10 16:09:40.173879,Neutral,46.10%
2026-05-10 16:09:40.352982,Neutral,47.64%
2026-05-10 16:09:40.556393,Neutral,47.32%
2026-05-10 16:09:40.780694,Neutral,42.64%
2026-05-10 16:09:41.052119,Neutral,51.17%
2026-05-10 16:09:41.284496,Neutral,41.33%
2026-05-10 16:09:41.453039,Neutral,54.39%
2026-05-10 16:09:41.638034,Neutral,41.58%
2026-05-10 16:09:41.879101,Neutral,40.77%
2026-05-10 16:09:42.103902,Neutral,47.80%
2026-05-10 16:09:42.339481,Neutral,43.96%
2026-05-10 16:09:42.613410,Neutral,46.89%
2026-05-10 16:09:42.839631,Neutral,47.28%
2026-05-10 16:09:43.066622,Sad,42.22%
2026-05-10 16:09:43.362988,Sad,33.48%
2026-05-10 16:09:43.646864,Sad,43.85%
2026-05-10 16:09:43.922022,Sad,46.96%
2026-05-10 16:09:44.140327,Sad,39.32%
2026-05-10 16:09:44.334098,Neutral,39.10%
2026-05-10 16:09:44.526545,Neutral,49.41%
2026-05-10 16:09:44.969602,Neutral,38.00%
2026-05-10 16:09:45.386103,Neutral,45.85%
2026-05-10 16:09:45.567814,Neutral,39.30%
2026-05-10 16:09:45.754405,Neutral,35.08%
2026-05-10 16:09:45.962155,Neutral,37.40%
2026-05-10 16:09:46.178780,Neutral,34.72%
2026-05-10 16:09:46.380947,Neutral,45.32%
2026-05-10 16:09:46.620878,Neutral,52.48%
2026-05-10 16:09:46.874384,Neutral,55.39%
2026-05-10 16:09:47.066764,Neutral,50.38%
2026-05-10 16:09:47.291495,Neutral,45.18%
2026-05-10 16:09:47.535343,Neutral,46.67%
2026-05-10 16:09:47.771480,Neutral,43.64%
2026-05-10 16:09:48.021926,Neutral,54.79%
2026-05-10 16:09:48.275416,Neutral,45.28%
2026-05-10 16:09:48.516041,Neutral,45.85%
2026-05-10 16:09:48.716936,Neutral,53.22%
2026-05-10 16:09:48.894030,Neutral,48.85%
2026-05-10 16:09:49.067856,Neutral,43.57%
2026-05-10 16:09:49.271772,Neutral,45.61%
2026-05-10 16:09:49.489827,Neutral,48.28%
2026-05-10 16:09:49.688648,Neutral,46.12%
2026-05-10 16:09:49.873678,Neutral,51.19%
2026-05-10 16:09:50.066454,Neutral,47.74%
2026-05-10 16:09:50.297344,Neutral,52.90%
2026-05-10 16:09:50.488640,Neutral,55.77%
2026-05-10 16:09:50.671591,Neutral,44.04%
2026-05-10 16:09:51.015430,Neutral,49.78%
2026-05-10 16:09:51.270828,Neutral,57.44%
2026-05-10 16:09:51.468875,Neutral,50.41%
2026-05-10 16:09:51.649325,Neutral,45.79%
2026-05-10 16:09:51.886874,Neutral,45.20%
2026-05-10 16:09:52.109337,Neutral,63.40%
2026-05-10 16:09:52.552323,Neutral,61.31%
2026-05-10 16:09:52.805396,Neutral,52.28%
2026-05-10 16:09:53.020880,Neutral,45.91%
2026-05-10 16:09:53.289600,Neutral,61.52%
2026-05-10 16:09:53.520647,Neutral,63.03%
2026-05-10 16:09:53.771632,Neutral,56.32%
2026-05-10 16:09:54.052006,Neutral,57.27%
2026-05-10 16:09:54.269852,Neutral,44.92%
2026-05-10 16:09:54.492145,Neutral,54.72%
2026-05-10 16:09:54.685974,Neutral,58.52%
2026-05-10 16:09:55.052059,Neutral,49.15%
2026-05-10 16:09:55.294288,Neutral,55.73%
2026-05-10 16:09:55.523980,Neutral,49.71%
2026-05-10 16:09:55.711244,Neutral,43.63%
2026-05-10 16:09:55.907413,Neutral,49.58%
2026-05-10 16:09:56.132971,Neutral,51.99%
2026-05-10 16:09:56.336590,Neutral,53.82%
2026-05-10 16:09:56.617985,Neutral,50.86%
2026-05-10 16:09:56.843053,Neutral,51.84%
2026-05-10 16:09:57.112668,Neutral,48.08%
2026-05-10 16:09:57.303855,Neutral,60.78%
2026-05-10 16:09:57.520589,Neutral,55.31%
2026-05-10 16:09:57.752779,Neutral,59.26%
2026-05-10 16:09:58.013603,Neutral,52.24%
2026-05-10 16:09:58.247141,Neutral,60.31%
2026-05-10 16:09:58.485187,Neutral,52.19%
2026-05-10 16:09:58.725418,Neutral,54.58%
2026-05-10 16:09:58.910381,Neutral,38.88%
2026-05-10 16:09:59.095758,Neutral,48.32%
2026-05-10 16:10:00.850526,Sad,45.10%
2026-05-10 16:10:01.125065,Sad,44.74%
2026-05-10 16:10:01.461363,Neutral,62.54%
2026-05-10 16:10:01.692688,Neutral,59.30%
2026-05-10 16:10:01.928672,Neutral,60.82%
2026-05-10 16:10:02.126175,Happy,80.52%
2026-05-10 16:10:02.344771,Happy,90.46%
2026-05-10 16:10:02.588412,Happy,83.15%
2026-05-10 16:10:02.795006,Happy,95.28%
2026-05-10 16:10:03.055738,Sad,40.16%
2026-05-10 16:10:03.259171,Angry,26.50%
2026-05-10 16:10:03.573242,Angry,33.80%
2026-05-10 16:10:03.807269,Angry,34.75%
2026-05-10 16:10:04.480037,Happy,96.36%
2026-05-10 16:10:04.673071,Happy,98.04%
2026-05-10 16:10:04.876676,Happy,97.59%
2026-05-10 16:10:05.109081,Happy,94.95%
2026-05-10 16:10:05.286282,Happy,90.29%
2026-05-10 16:10:05.478240,Happy,94.55%
2026-05-10 16:10:05.712213,Happy,95.71%
2026-05-10 16:10:05.908374,Happy,95.58%
2026-05-10 16:10:06.136562,Happy,95.97%
2026-05-10 16:10:06.420866,Happy,94.27%
2026-05-10 16:10:06.694330,Happy,94.27%
2026-05-10 16:10:06.897711,Happy,94.82%
2026-05-10 16:10:07.105864,Happy,95.80%
2026-05-10 16:10:07.322425,Happy,95.77%
2026-05-10 16:10:08.313548,Happy,93.74%
2026-05-10 16:10:08.519643,Happy,94.62%
2026-05-10 16:10:08.730066,Happy,95.08%
2026-05-10 16:10:08.921165,Happy,94.01%
2026-05-10 16:10:09.114094,Happy,94.26%
2026-05-10 16:10:09.363187,Happy,96.39%
2026-05-10 16:10:09.582196,Happy,94.22%
2026-05-10 16:10:09.779901,Happy,93.86%
2026-05-10 16:10:09.989325,Happy,95.20%
2026-05-10 16:10:10.190846,Happy,93.39%
2026-05-10 16:10:10.506589,Happy,93.09%
2026-05-10 16:10:10.931585,Happy,94.56%
2026-05-10 16:10:11.136903,Happy,95.89%
2026-05-10 16:10:11.336540,Happy,89.29%
2026-05-10 16:10:11.571946,Happy,94.25%
2026-05-10 16:10:11.765464,Happy,92.78%
2026-05-10 16:10:11.978906,Happy,94.13%
2026-05-10 16:10:12.220889,Sad,36.79%
2026-05-10 16:10:12.636383,Sad,48.55%
2026-05-10 16:10:15.864920,Sad,45.48%
2026-05-10 16:10:16.072869,Neutral,48.77%
2026-05-10 16:10:16.268516,Neutral,44.28%
2026-05-10 16:10:16.443146,Neutral,50.67%
2026-05-10 16:10:16.630878,Neutral,51.00%
2026-05-10 16:10:16.820186,Neutral,48.71%
2026-05-10 16:10:17.027721,Neutral,44.60%
2026-05-10 16:10:17.213575,Neutral,53.85%
2026-05-10 16:10:17.397291,Neutral,46.02%
2026-05-10 16:10:17.586262,Neutral,42.99%
2026-05-10 16:10:17.755853,Neutral,49.64%
2026-05-10 16:10:17.922784,Neutral,48.52%
2026-05-10 16:10:18.102165,Neutral,42.73%
2026-05-10 16:10:18.293837,Neutral,50.54%
2026-05-10 16:10:18.490636,Neutral,46.68%
2026-05-10 16:10:18.700021,Neutral,41.36%
2026-05-10 16:10:18.913413,Neutral,56.73%
2026-05-10 16:10:19.617609,Neutral,54.08%
2026-05-10 16:10:19.833705,Neutral,54.96%
2026-05-10 16:10:20.061572,Neutral,47.96%
2026-05-10 16:10:20.357429,Neutral,56.49%
2026-05-10 16:10:20.593693,Neutral,52.88%
2026-05-10 16:10:20.809406,Neutral,45.47%
2026-05-10 16:10:21.005910,Neutral,49.69%
2026-05-10 16:10:21.239227,Neutral,49.58%
2026-05-10 16:10:21.445761,Neutral,45.16%
2026-05-10 16:10:21.714271,Neutral,49.69%
2026-05-10 16:10:21.951867,Neutral,50.78%
2026-05-10 16:10:22.166794,Neutral,50.93%
2026-05-10 16:10:22.402171,Neutral,53.07%
2026-05-10 16:10:22.626608,Neutral,45.59%
2026-05-10 16:10:22.813770,Neutral,47.11%
2026-05-10 16:10:23.057166,Neutral,42.32%
2026-05-10 16:10:23.312215,Neutral,42.06%
2026-05-10 16:10:23.488663,Neutral,47.60%
2026-05-10 16:10:23.719815,Neutral,52.01%
2026-05-10 16:10:23.914036,Neutral,53.35%
2026-05-10 16:10:24.116609,Neutral,54.84%
2026-05-10 16:10:24.300765,Neutral,47.89%
2026-05-10 16:10:24.528260,Neutral,47.18%
2026-05-10 16:10:24.772648,Neutral,42.00%
